{
  "channelMap": [
    0,
    1,
    2,
    3,
    4,
    5,
    6,
    7
  ],
  "modelNormals": [
    [
      -0.49999999999999944,
      -0.49999999999999944,
      0.7071067811865482
    ],
    [
      5.551115123125784e-16,
      -0.7071067811865476,
      0.7071067811865476
    ],
    [
      0.5,
      -0.49999999999999933,
      0.7071067811865481
    ],
    [
      0.7071067811865476,
      2.4980018054066027e-16,
      0.7071067811865476
    ],
    [
      0.49999999999999956,
      0.5,
      0.7071067811865479
    ],
    [
      0.0,
      0.7071067811865476,
      0.7071067811865476
    ],
    [
      -0.4999999999999998,
      0.4999999999999998,
      0.7071067811865479
    ],
    [
      -0.7071067811865431,
      0.0,
      0.707106781186552
    ]
  ],
  "modelPoints": [
    [
      -0.01683794186468791,
      -0.020382620794382276,
      -0.025797204141268962
    ],
    [
      0.002177056077942363,
      -0.026742457066279354,
      -0.025297204141268965
    ],
    [
      0.022468019722729556,
      -0.02013815394390575,
      -0.025297204141268965
    ],
    [
      0.029786228469587384,
      0.0013396755990928144,
      -0.025797204141268962
    ],
    [
      0.018053150001915715,
      0.02021032382284279,
      -0.025297204141268965
    ],
    [
      -0.00181266401348819,
      0.02674312467908532,
      -0.025297204141268955
    ],
    [
      -0.01818869026555628,
      0.014870308422417157,
      -0.025797204141268962
    ],
    [
      -0.023662876746750876,
      -0.002629232838519542,
      -0.025797204141268962
    ]
  ]
}